handle,titre,produits,statut
adidas,Adidas,44,ok
adidas-adizero-adios-pro-4,Adidas Adizero Adios Pro 4,14,ok
adidas-adizero-evo-sl,Adidas Adizero EVO SL,7,ok
adidas-adizero-prime-x3-strung,Adidas Adizero Prime X3 Strung,11,ok
adidas-hyperboost-edge,Adidas Hyperboost Edge,2,ok
asics,Asics,2,ok
asics-gel-nyc,Asics GEL NYC,2,ok
best-seller-chaussures-de-courses,Best Seller chaussures de courses,198,fourre-tout
brooks,Brooks,8,ok
brooks-glycerin-max,Brooks Glycerin Max,5,ok
brooks-hyperion-elite-5,Brooks Hyperion Elite 5,1,ok
brooks-hyperion-max-2,Brooks Hyperion Max 2,0,vide
chaussettes-antiderapantes-pour-sports-de-mouvement,Chaussettes Antidérapantes,1,ok
chaussures-de-competition-sur-route,Chaussures de Compétition sur Route,67,ok
chaussures-de-course-sur-route,Chaussures de Course sur Route,127,ok
chaussures-de-randonnee,Randonnée,0,vide
chaussures-de-running-enfant,Chaussures de Running Enfant,113,ok
chaussures-de-sport-adidas-pour-femme,Chaussures de sport Adidas pour Femme,44,ok
chaussures-de-sport-adidas-pour-homme,Chaussures de sport Adidas pour Homme,25,ok
chaussures-de-sport-asics-pour-femme,Chaussures de sport Asics pour Femme,2,ok
chaussures-de-sport-asics-pour-homme,Chaussures de sport Asics pour Homme,2,ok
chaussures-de-sport-femme,Chaussures de Sport Femme,197,ok
chaussures-de-sport-hoka-pour-femme,Chaussures de sport Hoka pour Femme,9,ok
chaussures-de-sport-hoka-pour-homme,Chaussures de sport Hoka pour Homme,9,ok
chaussures-de-sport-homme,Chaussures de Sport Homme,136,ok
chaussures-de-sport-new-balance-pour-femme,Chaussures de sport New Balance pour Femme,5,ok
chaussures-de-sport-new-balance-pour-homme,Chaussures de sport New Balance pour Homme,5,ok
chaussures-de-sport-nike-pour-femme,Chaussures de sport Nike pour Femme,91,ok
chaussures-de-sport-nike-pour-homme,Chaussures de sport Nike pour Homme,91,ok
chaussures-de-sport-on-running-pour-femme,Chaussures de sport On Running pour Femme,0,vide
chaussures-de-sport-on-running-pour-homme,Chaussures de sport On Running pour Homme,0,vide
chaussures-de-trail,Trail,31,ok
chaussures-entrainement-route,Chaussures d'Entraînement Route,34,ok
chaussures-femme-randonnee,Chaussures Femme Randonnée,2,ok
chaussures-femme-running,Chaussures Femme Running,154,ok
chaussures-femme-trail,Chaussures Femme Trail,31,ok
chaussures-homme-randonnee,Chaussures Homme Randonnée,2,ok
chaussures-homme-running,Chaussures Homme Running,127,ok
chaussures-homme-trail,Chaussures Homme Trail,31,ok
chaussures-longue-distance-sur-route,Chaussures Longue Distance sur Route,43,ok
chaussures_de_running,Chaussures de Running,136,ok
competition-marathon,Compétition Marathon,50,ok
entrainement-marathon,Entraînement Marathon,31,ok
hoka,Hoka,9,ok
marathon,Marathon,50,ok
mizuno,Mizuno,0,vide
new-balance,New Balance,5,ok
new-balance-2002r-protection-pack,New Balance 2002R Protection Pack,5,ok
nike,Nike,91,ok
nike-alphafly-3,Nike Alphafly 3,20,ok
nike-mind-001-collection,Nike Mind 001 collection,13,ok
nike-mind-002-collection,Nike Mind 002 collection,0,vide
nike-pegasus-premium,Nike Pegasus Premium,16,ok
nike-vaporfly-next-4,Nike Vaporfly Next% 4,6,ok
nike-vomero-plus,Nike Vomero Plus,11,ok
nike-vomero-premium,Nike Vomero Premium,10,ok
on-running,On Running,0,vide
plaque-carbone-running,Plaque Carbone Running,48,ok
puma,Puma,3,ok
puma-fast-rb-nitro-elite,Puma Fast-RB Nitro Elite,0,vide
running-lifestyle,Running lifestyle,13,ok
runningupscale-junior,RunningUpscale Junior,13,ok
salomon,Salomon,29,ok
salomon-xt-4,Salomon XT-4,2,ok
salomon-xt-6,Salomon XT-6,25,ok
sandales-pour-femme-repos-apres-course,Sandales pour femme repos après course,0,vide
sandales-pour-homme-repos-apres-course,Sandales pour homme repos après course,0,vide
sandalesderecuperation,Sandales récupération,22,ok
saucony,Saucony running,6,ok
saucony-progrid-omni-9,Saucony ProGrid Omni 9,6,ok
the-north-face,The North Face,0,vide
tous-nos-articles-running-upscale,Tous nos articles Running Upscale,198,fourre-tout
