source,destination
/products/nike-mind-001-pink-smoke-metallic-silver,https://royallegendscom.wordpress.com/produit/nike-mind-001-pink-smoke-metallic-silver/
/products/nike-mind-001-triple-black,https://royallegendscom.wordpress.com/produit/nike-mind-001-triple-black/
/products/new-balance-2002r-protection-pack-rain-cloud,https://royallegendscom.wordpress.com/produit/new-balance-2002r-protection-pack-rain-cloud/
/products/new-balance-2002r-protection-pack-slate-grey,https://royallegendscom.wordpress.com/produit/new-balance-2002r-protection-pack-slate-grey/
/products/new-balance-2002r-protection-pack-light-arctic-grey,https://royallegendscom.wordpress.com/produit/new-balance-2002r-protection-pack-light-arctic-grey/
/products/new-balance-2002r-protection-pack-black,https://royallegendscom.wordpress.com/produit/new-balance-2002r-protection-pack-black/
/products/new-balance-2002r-protection-pack-dusty-lilac,https://royallegendscom.wordpress.com/produit/new-balance-2002r-protection-pack-dusty-lilac/
/products/nike-vomero-premium-triple-black,https://royallegendscom.wordpress.com/produit/nike-vomero-premium-triple-black/
/products/nike-vomero-18-ashen-slate-diffused-blue,https://royallegendscom.wordpress.com/produit/nike-vomero-18-ashen-slate-diffused-blue/
/products/nike-vomero-18-light-silver-college-grey-barely-volt,https://royallegendscom.wordpress.com/produit/nike-vomero-18-light-silver-college-grey-barely-volt/
/products/nike-mind-001-white-speed-red,https://royallegendscom.wordpress.com/produit/nike-mind-001-white-speed-red/
/products/nike-vomero-18-sail-bright-crimson-laser-orange,https://royallegendscom.wordpress.com/produit/nike-vomero-18-sail-bright-crimson-laser-orange/
/products/nike-vomero-18-blue-void-blue-lightning,https://royallegendscom.wordpress.com/produit/nike-vomero-18-blue-void-blue-lightning/
/products/nike-vomero-18-summit-white-elemental-pink,https://royallegendscom.wordpress.com/produit/nike-vomero-18-summit-white-elemental-pink/
/products/nike-vomero-18-white-metallic-silver-photon-dust,https://royallegendscom.wordpress.com/produit/nike-vomero-18-white-metallic-silver-photon-dust/
/products/nike-vomero-18-phantom-wild-mango-volt,https://royallegendscom.wordpress.com/produit/nike-vomero-18-phantom-wild-mango-volt/
/products/nike-vomero-18-sail-hyper-pink,https://royallegendscom.wordpress.com/produit/nike-vomero-18-sail-hyper-pink/
/products/nike-vomero-18-barely-green-hyper-crimson,https://royallegendscom.wordpress.com/produit/nike-vomero-18-barely-green-hyper-crimson/
/products/nike-vomero-18-summit-white-coconut-milk,https://royallegendscom.wordpress.com/produit/nike-vomero-18-summit-white-coconut-milk/
/products/nike-vomero-18-white-electric-green-volt,https://royallegendscom.wordpress.com/produit/nike-vomero-18-white-electric-green-volt/
/products/nike-vomero-18-platinum-tint-siren-red,https://royallegendscom.wordpress.com/produit/nike-vomero-18-platinum-tint-siren-red/
/products/nike-vomero-18-white-black,https://royallegendscom.wordpress.com/produit/nike-vomero-18-white-black/
/products/nike-vomero-18-triple-black,https://royallegendscom.wordpress.com/produit/nike-vomero-18-triple-black/
/products/nike-vomero-18-summit-white-geode-teal,https://royallegendscom.wordpress.com/produit/nike-vomero-18-summit-white-geode-teal/
/products/nike-vomero-plus-white-bright-crimson,https://royallegendscom.wordpress.com/produit/nike-vomero-plus-white-bright-crimson/
/products/nike-vomero-plus-white-metallic-silver-light-smokey-grey,https://royallegendscom.wordpress.com/produit/nike-vomero-plus-white-metallic-silver-light-smokey-grey/
/products/nike-vomero-premium-white-bright-crimson,https://royallegendscom.wordpress.com/produit/nike-vomero-premium-white-bright-crimson/
/products/nike-vomero-plus-white-blue-grey,https://royallegendscom.wordpress.com/produit/nike-vomero-plus-white-blue-grey/
/products/saucony-progrid-omni-9-pink-purple,https://royallegendscom.wordpress.com/produit/saucony-progrid-omni-9-pink-purple/
/products/saucony-progrid-omni-9-silver-mutant,https://royallegendscom.wordpress.com/produit/saucony-progrid-omni-9-silver-mutant/
/products/nike-pegasus-premium-barely-green,https://royallegendscom.wordpress.com/produit/nike-pegasus-premium-barely-green/
/products/nike-mind-001-barely-green,https://royallegendscom.wordpress.com/produit/nike-mind-001-barely-green/
/products/salomon-xt-4-og-fiery-red-black-1,https://royallegendscom.wordpress.com/produit/salomon-xt-4-og-fiery-red-black-1/
/products/adidas-hyperboost-edge-equipment-green,https://royallegendscom.wordpress.com/produit/adidas-hyperboost-edge-equipment-green/
/products/salomon-xt-4-og-protective-russet-french-roast,https://royallegendscom.wordpress.com/produit/salomon-xt-4-og-protective-russet-french-roast/
/products/salomon-xt-6-expanse-alloy-grey-quiet-shade,https://royallegendscom.wordpress.com/produit/salomon-xt-6-expanse-alloy-grey-quiet-shade/
/products/salomon-xt-6-gore-tex-end-asphalt-emerald,https://royallegendscom.wordpress.com/produit/salomon-xt-6-gore-tex-end-asphalt-emerald/
/products/salomon-xt-6-white-ftw-silver,https://royallegendscom.wordpress.com/produit/salomon-xt-6-white-ftw-silver/
/products/salomon-xt-6-lunar-rock-alloy-sulphur-spring,https://royallegendscom.wordpress.com/produit/salomon-xt-6-lunar-rock-alloy-sulphur-spring/
/products/salomon-s-lab-xt-6-soft-ground-black-olive,https://royallegendscom.wordpress.com/produit/salomon-s-lab-xt-6-soft-ground-black-olive/
/products/salomon-xt-6-vanilla-ice-bleached-sand-red-orang,https://royallegendscom.wordpress.com/produit/salomon-xt-6-vanilla-ice-bleached-sand-red-orang/
/products/salomon-xt-6-white-lunar-rock,https://royallegendscom.wordpress.com/produit/salomon-xt-6-white-lunar-rock/
/products/salomon-xt-6-recut-monument-phantom-vanilla-ice,https://royallegendscom.wordpress.com/produit/salomon-xt-6-recut-monument-phantom-vanilla-ice/
/products/salomon-xt-6-turtledove-vintage-khaki-kelp,https://royallegendscom.wordpress.com/produit/salomon-xt-6-turtledove-vintage-khaki-kelp/
/products/salomon-s-lab-xt-6-softground-lt-adv-white-vapor-blue,https://royallegendscom.wordpress.com/produit/salomon-s-lab-xt-6-softground-lt-adv-white-vapor-blue/
/products/salomon-xt-6-mindful-vanilla-ice-cloud-pink-orchid-petal,https://royallegendscom.wordpress.com/produit/salomon-xt-6-mindful-vanilla-ice-cloud-pink-orchid-petal/
/products/salomon-xt-6-expanse-white-metal-black,https://royallegendscom.wordpress.com/produit/salomon-xt-6-expanse-white-metal-black/
/products/salomon-s-lab-xt-6-adv-triple-black,https://royallegendscom.wordpress.com/produit/salomon-s-lab-xt-6-adv-triple-black/
/products/salomon-xt-6-gore-tex-safari-black,https://royallegendscom.wordpress.com/produit/salomon-xt-6-gore-tex-safari-black/
/products/salomon-xt-6-expanse-white-bleached-sand-dusky-orchid,https://royallegendscom.wordpress.com/produit/salomon-xt-6-expanse-white-bleached-sand-dusky-orchid/
/products/salomon-xt-6-shadow-gull-grey-violet,https://royallegendscom.wordpress.com/produit/salomon-xt-6-shadow-gull-grey-violet/
/products/salomon-xt-6-grisaille-blue-nights,https://royallegendscom.wordpress.com/produit/salomon-xt-6-grisaille-blue-nights/
/products/salomon-xt-6-expanse-vanilla-ice-white-alloy-1,https://royallegendscom.wordpress.com/produit/salomon-xt-6-expanse-vanilla-ice-white-alloy-1/
/products/salomon-xt-6-ghost-grey-ghost-grey-grey-flannel,https://royallegendscom.wordpress.com/produit/salomon-xt-6-ghost-grey-ghost-grey-grey-flannel/
/products/salomon-s-lab-xt-6-softground-lt-adv-vanilla-vapor-blue-imperial-blue,https://royallegendscom.wordpress.com/produit/salomon-s-lab-xt-6-softground-lt-adv-vanilla-vapor-blue-imperial-blue/
/products/salomon-xt-6-gore-tex-black-footwear-silver,https://royallegendscom.wordpress.com/produit/salomon-xt-6-gore-tex-black-footwear-silver/
/products/children-of-the-discordance-x-salomon-xt-6,https://royallegendscom.wordpress.com/produit/children-of-the-discordance-x-salomon-xt-6/
/products/salomon-xt-6-expanse-alloy-quiet-shade,https://royallegendscom.wordpress.com/produit/salomon-xt-6-expanse-alloy-quiet-shade/
/products/salomon-xt-6-advanced-white-lunar-rock-icy-morn,https://royallegendscom.wordpress.com/produit/salomon-xt-6-advanced-white-lunar-rock-icy-morn/
/products/salomon-xt-6-expanse-iron-bracken-black,https://royallegendscom.wordpress.com/produit/salomon-xt-6-expanse-iron-bracken-black/
/products/nike-vomero-plus-hyper-pink-burgundy-crush,https://royallegendscom.wordpress.com/produit/nike-vomero-plus-hyper-pink-burgundy-crush/
/products/nike-vomero-18-anthracite,https://royallegendscom.wordpress.com/produit/nike-vomero-18-anthracite/
/products/nike-vomero-plus-green-barely-volt,https://royallegendscom.wordpress.com/produit/nike-vomero-plus-green-barely-volt/
/products/nike-vomero-plus-blue-hero,https://royallegendscom.wordpress.com/produit/nike-vomero-plus-blue-hero/
/products/nike-vomero-plus-orange-pulse,https://royallegendscom.wordpress.com/produit/nike-vomero-plus-orange-pulse/
/products/nike-vomero-premium-sail-coconut-milk-total-orange,https://royallegendscom.wordpress.com/produit/nike-vomero-premium-sail-coconut-milk-total-orange/
/products/nike-alphafly-3-the-sting-international-running-pack-1978,https://royallegendscom.wordpress.com/produit/nike-alphafly-3-the-sting-international-running-pack-1978/
/products/nike-mind-001-pearl-pink,https://royallegendscom.wordpress.com/produit/nike-mind-001-pearl-pink/
/products/nike-vomero-plus-reverse-swoosh,https://royallegendscom.wordpress.com/produit/nike-vomero-plus-reverse-swoosh/
/products/nike-vomero-plus-black-white,https://royallegendscom.wordpress.com/produit/nike-vomero-plus-black-white/
/products/nike-alphafly-3-fuchsia-glow-purple-dynasty,https://royallegendscom.wordpress.com/produit/nike-alphafly-3-fuchsia-glow-purple-dynasty/
/products/nike-vomero-plus-black,https://royallegendscom.wordpress.com/produit/nike-vomero-plus-black/
/products/saucony-og-progrid-omni-9-black-silver-retro-runner,https://royallegendscom.wordpress.com/produit/saucony-og-progrid-omni-9-black-silver-retro-runner/
/products/saucony-progrid-omni-9-armor-black-runner,https://royallegendscom.wordpress.com/produit/saucony-progrid-omni-9-armor-black-runner/
/products/saucony-progrid-omni-9-fabricated-future-white-multi,https://royallegendscom.wordpress.com/produit/saucony-progrid-omni-9-fabricated-future-white-multi/
/products/saucony-progrid-omni-9-metallic-grey-silver,https://royallegendscom.wordpress.com/produit/saucony-progrid-omni-9-metallic-grey-silver/
/products/nike-mind-001-mineral-slate,https://royallegendscom.wordpress.com/produit/nike-mind-001-mineral-slate/
/products/nike-mind-001-geode-teal-light-menta,https://royallegendscom.wordpress.com/produit/nike-mind-001-geode-teal-light-menta/
/products/nike-mind-001-blackened-blue,https://royallegendscom.wordpress.com/produit/nike-mind-001-blackened-blue/
/products/hoka-bondi-9-luna-moth-blue-spark,https://royallegendscom.wordpress.com/produit/hoka-bondi-9-luna-moth-blue-spark/
/products/hoka-bondi-9-frost-pale-tangerine,https://royallegendscom.wordpress.com/produit/hoka-bondi-9-frost-pale-tangerine/
/products/brooks-glycerin-max-folkstone-orange-pop,https://royallegendscom.wordpress.com/produit/brooks-glycerin-max-folkstone-orange-pop/
/products/brooks-glycerin-max-aurora-black-ebony,https://royallegendscom.wordpress.com/produit/brooks-glycerin-max-aurora-black-ebony/
/products/brooks-glycerin-max-lime-navy-peony,https://royallegendscom.wordpress.com/produit/brooks-glycerin-max-lime-navy-peony/
/products/brooks-glycerin-max-country-blue-sky-orange,https://royallegendscom.wordpress.com/produit/brooks-glycerin-max-country-blue-sky-orange/
/products/brooks-glycerin-max-grey-black-nightlife,https://royallegendscom.wordpress.com/produit/brooks-glycerin-max-grey-black-nightlife/
/products/brooks-glycerin-max-2-yucca-nightlife-white,https://royallegendscom.wordpress.com/produit/brooks-glycerin-max-2-yucca-nightlife-white/
/products/brooks-glycerin-max-2-spellbound,https://royallegendscom.wordpress.com/produit/brooks-glycerin-max-2-spellbound/
/products/brooks-hyperion-elite-5-pink-clay,https://royallegendscom.wordpress.com/produit/brooks-hyperion-elite-5-pink-clay/
/products/nike-pegasus-premium-anthracite,https://royallegendscom.wordpress.com/produit/nike-pegasus-premium-anthracite/
/products/nike-pegasus-premium-faith-kipyegon,https://royallegendscom.wordpress.com/produit/nike-pegasus-premium-faith-kipyegon/
/products/nike-pegasus-premium-white-mint-foam,https://royallegendscom.wordpress.com/produit/nike-pegasus-premium-white-mint-foam/
/products/nike-pegasus-premium-volt-black,https://royallegendscom.wordpress.com/produit/nike-pegasus-premium-volt-black/
/products/nike-pegasus-premium-se-cave-purple,https://royallegendscom.wordpress.com/produit/nike-pegasus-premium-se-cave-purple/
/products/nike-pegasus-premium-sp-black-white-silver,https://royallegendscom.wordpress.com/produit/nike-pegasus-premium-sp-black-white-silver/
/products/nike-pegasus-premium-particle-pink-rose-gold,https://royallegendscom.wordpress.com/produit/nike-pegasus-premium-particle-pink-rose-gold/
/products/nike-pegasus-premium-sp-mushroom,https://royallegendscom.wordpress.com/produit/nike-pegasus-premium-sp-mushroom/
/products/nike-pegasus-premium-white-metallic-silver,https://royallegendscom.wordpress.com/produit/nike-pegasus-premium-white-metallic-silver/
/products/nike-pegasus-premium-run,https://royallegendscom.wordpress.com/produit/nike-pegasus-premium-run/
/products/fragment-design-x-nike-mind-001,https://royallegendscom.wordpress.com/produit/fragment-design-x-nike-mind-001/
/products/adidas-hyperboost-edge-white-pure-ruby-zero-metalic,https://royallegendscom.wordpress.com/produit/adidas-hyperboost-edge-white-pure-ruby-zero-metalic/
/products/salomon-xt-6-black-phantom,https://royallegendscom.wordpress.com/produit/salomon-xt-6-black-phantom/
/products/s-lab-ultra-glide-rouge,https://royallegendscom.wordpress.com/produit/s-lab-ultra-glide-rouge/
/products/nike-pegasus-premium-summit-white-bright-crimson,https://royallegendscom.wordpress.com/produit/nike-pegasus-premium-summit-white-bright-crimson/
/products/nike-pegasus-premium-black-bright-crimson,https://royallegendscom.wordpress.com/produit/nike-pegasus-premium-black-bright-crimson/
/products/nike-pegasus-premium-persian-violet,https://royallegendscom.wordpress.com/produit/nike-pegasus-premium-persian-violet/
/products/nike-pegasus-premium-airscape-football-grey-orange,https://royallegendscom.wordpress.com/produit/nike-pegasus-premium-airscape-football-grey-orange/
/products/nike-pegasus-premium-forrest-gump,https://royallegendscom.wordpress.com/produit/nike-pegasus-premium-forrest-gump/
/products/adidas-adizero-prime-x3-strung-lucid-lemon,https://royallegendscom.wordpress.com/produit/adidas-adizero-prime-x3-strung-lucid-lemon/
/products/adidas-adizero-prime-x3-strung-black-grey-green,https://royallegendscom.wordpress.com/produit/adidas-adizero-prime-x3-strung-black-grey-green/
/products/adidas-adizero-prime-x3-strung-orange-white-wheat-blue,https://royallegendscom.wordpress.com/produit/adidas-adizero-prime-x3-strung-orange-white-wheat-blue/
/products/adidas-adizero-prime-x3-strung-powder-plum-black-pink,https://royallegendscom.wordpress.com/produit/adidas-adizero-prime-x3-strung-powder-plum-black-pink/
/products/adidas-adizero-prime-x3-strung-red-black,https://royallegendscom.wordpress.com/produit/adidas-adizero-prime-x3-strung-red-black/
/products/adidas-adizero-prime-x3-strung-flash-aqua-lucid-lemon,https://royallegendscom.wordpress.com/produit/adidas-adizero-prime-x3-strung-flash-aqua-lucid-lemon/
/products/mafate-speed-x-corail-rose,https://royallegendscom.wordpress.com/produit/mafate-speed-x-corail-rose/
/products/mafate-speed-x-jaune,https://royallegendscom.wordpress.com/produit/mafate-speed-x-jaune/
/products/adidas-adizero-prime-x3-strung-cloud-white-lucid-red,https://royallegendscom.wordpress.com/produit/adidas-adizero-prime-x3-strung-cloud-white-lucid-red/
/products/adidas-adizero-prime-x3-strung-mercedes-amg-black-lucid-red,https://royallegendscom.wordpress.com/produit/adidas-adizero-prime-x3-strung-mercedes-amg-black-lucid-red/
/products/adidas-adizero-prime-x3-strung-black-white-red,https://royallegendscom.wordpress.com/produit/adidas-adizero-prime-x3-strung-black-white-red/
/products/adidas-adizero-prime-x3-strung-white-green,https://royallegendscom.wordpress.com/produit/adidas-adizero-prime-x3-strung-white-green/
/products/adidas-adizero-prime-x3-strung-ekiden-solar-blue-trainer,https://royallegendscom.wordpress.com/produit/adidas-adizero-prime-x3-strung-ekiden-solar-blue-trainer/
/products/nike-mind-001-slide-light-bone,https://royallegendscom.wordpress.com/produit/nike-mind-001-slide-light-bone/
/products/nike-vomero-premium-alabaster-citron-pulse,https://royallegendscom.wordpress.com/produit/nike-vomero-premium-alabaster-citron-pulse/
/products/nike-vomero-premium-black-sapphire-hot-lava,https://royallegendscom.wordpress.com/produit/nike-vomero-premium-black-sapphire-hot-lava/
/products/nike-pegasus-premium-hyper-pink-bright-crimson,https://royallegendscom.wordpress.com/produit/nike-pegasus-premium-hyper-pink-bright-crimson/
/products/nike-vomero-premium-blue-tint-pink-spell,https://royallegendscom.wordpress.com/produit/nike-vomero-premium-blue-tint-pink-spell/
/products/nike-alphafly-3-obsidian-persian-violet,https://royallegendscom.wordpress.com/produit/nike-alphafly-3-obsidian-persian-violet/
/products/nike-alphafly-3-pick-up-the-pace-white-crimson,https://royallegendscom.wordpress.com/produit/nike-alphafly-3-pick-up-the-pace-white-crimson/
/products/nike-alphafly-3-faith-kipyegon-burgundy-fuchsia,https://royallegendscom.wordpress.com/produit/nike-alphafly-3-faith-kipyegon-burgundy-fuchsia/
/products/nike-alphafly-3-hyper-pink-crimson-tint,https://royallegendscom.wordpress.com/produit/nike-alphafly-3-hyper-pink-crimson-tint/
/products/nike-alphafly-3-eliud-kipchoge-no-human-is-limited,https://royallegendscom.wordpress.com/produit/nike-alphafly-3-eliud-kipchoge-no-human-is-limited/
/products/nike-alphafly-3-white-hyper-turquoise-concord-black,https://royallegendscom.wordpress.com/produit/nike-alphafly-3-white-hyper-turquoise-concord-black/
/products/nike-vaporfly-4-white-hyper-pink-mint,https://royallegendscom.wordpress.com/produit/nike-vaporfly-4-white-hyper-pink-mint/
/products/nike-vaporfly-4-light-trails,https://royallegendscom.wordpress.com/produit/nike-vaporfly-4-light-trails/
/products/nike-vaporfly-4-ghost-blue-void-persian-violet,https://royallegendscom.wordpress.com/produit/nike-vaporfly-4-ghost-blue-void-persian-violet/
/products/asics-gel-nyc-cream-oyster-grey,https://royallegendscom.wordpress.com/produit/asics-gel-nyc-cream-oyster-grey/
/products/adidas-adizero-adios-pro-4-core-black-teal,https://royallegendscom.wordpress.com/produit/adidas-adizero-adios-pro-4-core-black-teal/
/products/adidas-adizero-adios-pro-4-chalk-white,https://royallegendscom.wordpress.com/produit/adidas-adizero-adios-pro-4-chalk-white/
/products/adidas-adizero-adios-pro-4-beijing-marathon,https://royallegendscom.wordpress.com/produit/adidas-adizero-adios-pro-4-beijing-marathon/
/products/adidas-adizero-adios-pro-4-white-purple-lime,https://royallegendscom.wordpress.com/produit/adidas-adizero-adios-pro-4-white-purple-lime/
/products/adidas-adizero-adios-pro-4-shock-pink,https://royallegendscom.wordpress.com/produit/adidas-adizero-adios-pro-4-shock-pink/
/products/adidas-adizero-adios-pro-4-mercedes-amg-black-lucid-red,https://royallegendscom.wordpress.com/produit/adidas-adizero-adios-pro-4-mercedes-amg-black-lucid-red/
/products/adidas-adizero-adios-pro-4-solar-blue-ekiden-pack,https://royallegendscom.wordpress.com/produit/adidas-adizero-adios-pro-4-solar-blue-ekiden-pack/
/products/hoka-rocket-x-3-sunlight-neon-hoka-citrus,https://royallegendscom.wordpress.com/produit/hoka-rocket-x-3-sunlight-neon-hoka-citrus/
/products/adidas-adizero-evo-sl-black-blue,https://royallegendscom.wordpress.com/produit/adidas-adizero-evo-sl-black-blue/
/products/adidas-adizero-evo-sl-dark-blue-solar-slime,https://royallegendscom.wordpress.com/produit/adidas-adizero-evo-sl-dark-blue-solar-slime/
/products/adidas-adizero-evo-sl-lucid-lemon-trainer-lightstrike,https://royallegendscom.wordpress.com/produit/adidas-adizero-evo-sl-lucid-lemon-trainer-lightstrike/
/products/adidas-adizero-evo-sl-carbon-lucid-red,https://royallegendscom.wordpress.com/produit/adidas-adizero-evo-sl-carbon-lucid-red/
/products/adidas-adizero-evo-sl-black-super-trainer-triple-noir,https://royallegendscom.wordpress.com/produit/adidas-adizero-evo-sl-black-super-trainer-triple-noir/
/products/adidas-adizero-evo-sl-grey-silver-metallic,https://royallegendscom.wordpress.com/produit/adidas-adizero-evo-sl-grey-silver-metallic/
/products/adidas-adizero-pharrell-williams-x-humanrace-x-evo-sl-black,https://royallegendscom.wordpress.com/produit/adidas-adizero-pharrell-williams-x-humanrace-x-evo-sl-black/
/products/nike-mind-001-solar-red,https://royallegendscom.wordpress.com/produit/nike-mind-001-solar-red/
/products/nike-mind-001-light-smoke-grey,https://royallegendscom.wordpress.com/produit/nike-mind-001-light-smoke-grey/
/products/nike-mind-001-black-hyper-crimson,https://royallegendscom.wordpress.com/produit/nike-mind-001-black-hyper-crimson/
/products/puma-fast-r-nitro-elite-3-mint-melt-speed-blue,https://royallegendscom.wordpress.com/produit/puma-fast-r-nitro-elite-3-mint-melt-speed-blue/
/products/puma-fast-r-nitro-elite-3-white-glowing-red-mint,https://royallegendscom.wordpress.com/produit/puma-fast-r-nitro-elite-3-white-glowing-red-mint/
/products/puma-fast-r-nitro-elite-3-heat-fire-sun-stream,https://royallegendscom.wordpress.com/produit/puma-fast-r-nitro-elite-3-heat-fire-sun-stream/
/products/carte-cadeau,https://royallegendscom.wordpress.com/produit/carte-cadeau/
/products/nike-vomero-premium-black-volt,https://royallegendscom.wordpress.com/produit/nike-vomero-premium-black-volt/
/products/nike-vomero-premium-green-barely-volt,https://royallegendscom.wordpress.com/produit/nike-vomero-premium-green-barely-volt/
/products/nike-vomero-premium-hyper-pink,https://royallegendscom.wordpress.com/produit/nike-vomero-premium-hyper-pink/
/products/chaussettessoxpro,https://royallegendscom.wordpress.com/produit/chaussettessoxpro/
/products/nike-alphafly-3-gridiron-white-pure-platinum,https://royallegendscom.wordpress.com/produit/nike-alphafly-3-gridiron-white-pure-platinum/
/products/asics-gel-nyc-arctic-sky-cream,https://royallegendscom.wordpress.com/produit/asics-gel-nyc-arctic-sky-cream/
/products/hoka-rocket-x-3-white-black,https://royallegendscom.wordpress.com/produit/hoka-rocket-x-3-white-black/
/products/cielo-x1-2-0-noir,https://royallegendscom.wordpress.com/produit/cielo-x1-2-0-noir/
/products/hoka-cielo-x1-2-0-white-real-red,https://royallegendscom.wordpress.com/produit/hoka-cielo-x1-2-0-white-real-red/
/products/hoka-cielo-x1-2-0-frost-black,https://royallegendscom.wordpress.com/produit/hoka-cielo-x1-2-0-frost-black/
/products/adidas-adizero-adios-pro-4-white-pure-teal,https://royallegendscom.wordpress.com/produit/adidas-adizero-adios-pro-4-white-pure-teal/
/products/adidas-adizero-adios-pro-4-ekiden-pack-silver,https://royallegendscom.wordpress.com/produit/adidas-adizero-adios-pro-4-ekiden-pack-silver/
/products/adidas-adizero-adios-pro-4-off-white-better-scarlet,https://royallegendscom.wordpress.com/produit/adidas-adizero-adios-pro-4-off-white-better-scarlet/
/products/adidas-adizero-adios-pro-4-lucid-red-core-blac,https://royallegendscom.wordpress.com/produit/adidas-adizero-adios-pro-4-lucid-red-core-blac/
/products/adidas-adizero-adios-pro-4-white-black-silver,https://royallegendscom.wordpress.com/produit/adidas-adizero-adios-pro-4-white-black-silver/
/products/adidas-adizero-adios-pro-4-flash-aqua-lucid-lemon,https://royallegendscom.wordpress.com/produit/adidas-adizero-adios-pro-4-flash-aqua-lucid-lemon/
/products/adidas-adizero-adios-pro-4-lucid-lemon-black,https://royallegendscom.wordpress.com/produit/adidas-adizero-adios-pro-4-lucid-lemon-black/
/products/nike-vaporfly-4-jakob-ingebrigtsen-sail-gold,https://royallegendscom.wordpress.com/produit/nike-vaporfly-4-jakob-ingebrigtsen-sail-gold/
/products/nike-vaporfly-4-white-obsidian-mist,https://royallegendscom.wordpress.com/produit/nike-vaporfly-4-white-obsidian-mist/
/products/nike-vaporfly-4-bright-crimson-lime-blast,https://royallegendscom.wordpress.com/produit/nike-vaporfly-4-bright-crimson-lime-blast/
/products/nike-alphafly-3-prototype-white-orange,https://royallegendscom.wordpress.com/produit/nike-alphafly-3-prototype-white-orange/
/products/nike-alphafly-3-sail-crimson-tint-guava-ice,https://royallegendscom.wordpress.com/produit/nike-alphafly-3-sail-crimson-tint-guava-ice/
/products/nike-alphafly-3-premium-light-army-desert-moss,https://royallegendscom.wordpress.com/produit/nike-alphafly-3-premium-light-army-desert-moss/
/products/nike-alphafly-3-black-olive-aura,https://royallegendscom.wordpress.com/produit/nike-alphafly-3-black-olive-aura/
/products/nike-alphafly-3-bright-crimson-lime-blast,https://royallegendscom.wordpress.com/produit/nike-alphafly-3-bright-crimson-lime-blast/
/products/nike-alphafly-3-football-grey-blue-void,https://royallegendscom.wordpress.com/produit/nike-alphafly-3-football-grey-blue-void/
/products/adidas-yeezy-slide-ochre,https://royallegendscom.wordpress.com/produit/adidas-yeezy-slide-ochre/
/products/mresin-vert-pale-copie,https://royallegendscom.wordpress.com/produit/mresin-vert-pale-copie/
/products/adidas-yeezy-marron,https://royallegendscom.wordpress.com/produit/adidas-yeezy-marron/
/products/adidas-yeezy-resin-vert,https://royallegendscom.wordpress.com/produit/adidas-yeezy-resin-vert/
/products/adidas-yeezy-azur-bleu,https://royallegendscom.wordpress.com/produit/adidas-yeezy-azur-bleu/
/products/adidas-yeezy-glow,https://royallegendscom.wordpress.com/produit/adidas-yeezy-glow/
/products/adidas-yeezy-slide-onyx,https://royallegendscom.wordpress.com/produit/adidas-yeezy-slide-onyx/
/products/adidas-yeezy-enflame-orange,https://royallegendscom.wordpress.com/produit/adidas-yeezy-enflame-orange/
/products/adidas-yeezy,https://royallegendscom.wordpress.com/produit/adidas-yeezy/
/products/nike-alphafly-3-eliud-kipchoge-vapor-green-its-just-the-start,https://royallegendscom.wordpress.com/produit/nike-alphafly-3-eliud-kipchoge-vapor-green-its-just-the-start/
/products/nike-alphafly-3-white-purple-agate-vivid-grape,https://royallegendscom.wordpress.com/produit/nike-alphafly-3-white-purple-agate-vivid-grape/
/products/nike-alphafly-3-safari-olympic-electric-pack-paris-jo,https://royallegendscom.wordpress.com/produit/nike-alphafly-3-safari-olympic-electric-pack-paris-jo/
/products/nike-alphafly-3-blueprint-pack-bowerman,https://royallegendscom.wordpress.com/produit/nike-alphafly-3-blueprint-pack-bowerman/
/products/nike-alphafly-3-volt-fast-pack,https://royallegendscom.wordpress.com/produit/nike-alphafly-3-volt-fast-pack/
/collections/adidas,https://royallegendscom.wordpress.com/categorie/adidas/
/collections/adidas-adizero-adios-pro-4,https://royallegendscom.wordpress.com/categorie/adidas-adizero-adios-pro-4/
/collections/adidas-adizero-evo-sl,https://royallegendscom.wordpress.com/categorie/adidas-adizero-evo-sl/
/collections/adidas-adizero-prime-x3-strung,https://royallegendscom.wordpress.com/categorie/adidas-adizero-prime-x3-strung/
/collections/adidas-hyperboost-edge,https://royallegendscom.wordpress.com/categorie/adidas-hyperboost-edge/
/collections/asics,https://royallegendscom.wordpress.com/categorie/asics/
/collections/asics-gel-nyc,https://royallegendscom.wordpress.com/categorie/asics-gel-nyc/
/collections/brooks,https://royallegendscom.wordpress.com/categorie/brooks/
/collections/brooks-glycerin-max,https://royallegendscom.wordpress.com/categorie/brooks-glycerin-max/
/collections/brooks-hyperion-elite-5,https://royallegendscom.wordpress.com/categorie/brooks-hyperion-elite-5/
/collections/chaussettes-antiderapantes-pour-sports-de-mouvement,https://royallegendscom.wordpress.com/categorie/chaussettes-antiderapantes-pour-sports-de-mouvement/
/collections/chaussures-de-competition-sur-route,https://royallegendscom.wordpress.com/categorie/chaussures-de-competition-sur-route/
/collections/chaussures-de-course-sur-route,https://royallegendscom.wordpress.com/categorie/chaussures-de-course-sur-route/
/collections/chaussures-de-running-enfant,https://royallegendscom.wordpress.com/categorie/chaussures-de-running-enfant/
/collections/chaussures-de-sport-adidas-pour-femme,https://royallegendscom.wordpress.com/categorie/chaussures-de-sport-adidas-pour-femme/
/collections/chaussures-de-sport-adidas-pour-homme,https://royallegendscom.wordpress.com/categorie/chaussures-de-sport-adidas-pour-homme/
/collections/chaussures-de-sport-asics-pour-femme,https://royallegendscom.wordpress.com/categorie/chaussures-de-sport-asics-pour-femme/
/collections/chaussures-de-sport-asics-pour-homme,https://royallegendscom.wordpress.com/categorie/chaussures-de-sport-asics-pour-homme/
/collections/chaussures-de-sport-femme,https://royallegendscom.wordpress.com/categorie/chaussures-de-sport-femme/
/collections/chaussures-de-sport-hoka-pour-femme,https://royallegendscom.wordpress.com/categorie/chaussures-de-sport-hoka-pour-femme/
/collections/chaussures-de-sport-hoka-pour-homme,https://royallegendscom.wordpress.com/categorie/chaussures-de-sport-hoka-pour-homme/
/collections/chaussures-de-sport-homme,https://royallegendscom.wordpress.com/categorie/chaussures-de-sport-homme/
/collections/chaussures-de-sport-new-balance-pour-femme,https://royallegendscom.wordpress.com/categorie/chaussures-de-sport-new-balance-pour-femme/
/collections/chaussures-de-sport-new-balance-pour-homme,https://royallegendscom.wordpress.com/categorie/chaussures-de-sport-new-balance-pour-homme/
/collections/chaussures-de-sport-nike-pour-femme,https://royallegendscom.wordpress.com/categorie/chaussures-de-sport-nike-pour-femme/
/collections/chaussures-de-sport-nike-pour-homme,https://royallegendscom.wordpress.com/categorie/chaussures-de-sport-nike-pour-homme/
/collections/chaussures-de-trail,https://royallegendscom.wordpress.com/categorie/chaussures-de-trail/
/collections/chaussures-entrainement-route,https://royallegendscom.wordpress.com/categorie/chaussures-entrainement-route/
/collections/chaussures-femme-randonnee,https://royallegendscom.wordpress.com/categorie/chaussures-femme-randonnee/
/collections/chaussures-femme-running,https://royallegendscom.wordpress.com/categorie/chaussures-femme-running/
/collections/chaussures-femme-trail,https://royallegendscom.wordpress.com/categorie/chaussures-femme-trail/
/collections/chaussures-homme-randonnee,https://royallegendscom.wordpress.com/categorie/chaussures-homme-randonnee/
/collections/chaussures-homme-running,https://royallegendscom.wordpress.com/categorie/chaussures-homme-running/
/collections/chaussures-homme-trail,https://royallegendscom.wordpress.com/categorie/chaussures-homme-trail/
/collections/chaussures-longue-distance-sur-route,https://royallegendscom.wordpress.com/categorie/chaussures-longue-distance-sur-route/
/collections/chaussures_de_running,https://royallegendscom.wordpress.com/categorie/chaussures_de_running/
/collections/competition-marathon,https://royallegendscom.wordpress.com/categorie/competition-marathon/
/collections/entrainement-marathon,https://royallegendscom.wordpress.com/categorie/entrainement-marathon/
/collections/hoka,https://royallegendscom.wordpress.com/categorie/hoka/
/collections/marathon,https://royallegendscom.wordpress.com/categorie/marathon/
/collections/new-balance,https://royallegendscom.wordpress.com/categorie/new-balance/
/collections/new-balance-2002r-protection-pack,https://royallegendscom.wordpress.com/categorie/new-balance-2002r-protection-pack/
/collections/nike,https://royallegendscom.wordpress.com/categorie/nike/
/collections/nike-alphafly-3,https://royallegendscom.wordpress.com/categorie/nike-alphafly-3/
/collections/nike-mind-001-collection,https://royallegendscom.wordpress.com/categorie/nike-mind-001-collection/
/collections/nike-pegasus-premium,https://royallegendscom.wordpress.com/categorie/nike-pegasus-premium/
/collections/nike-vaporfly-next-4,https://royallegendscom.wordpress.com/categorie/nike-vaporfly-next-4/
/collections/nike-vomero-plus,https://royallegendscom.wordpress.com/categorie/nike-vomero-plus/
/collections/nike-vomero-premium,https://royallegendscom.wordpress.com/categorie/nike-vomero-premium/
/collections/plaque-carbone-running,https://royallegendscom.wordpress.com/categorie/plaque-carbone-running/
/collections/puma,https://royallegendscom.wordpress.com/categorie/puma/
/collections/running-lifestyle,https://royallegendscom.wordpress.com/categorie/running-lifestyle/
/collections/runningupscale-junior,https://royallegendscom.wordpress.com/categorie/runningupscale-junior/
/collections/salomon,https://royallegendscom.wordpress.com/categorie/salomon/
/collections/salomon-xt-4,https://royallegendscom.wordpress.com/categorie/salomon-xt-4/
/collections/salomon-xt-6,https://royallegendscom.wordpress.com/categorie/salomon-xt-6/
/collections/sandalesderecuperation,https://royallegendscom.wordpress.com/categorie/sandalesderecuperation/
/collections/saucony,https://royallegendscom.wordpress.com/categorie/saucony/
/collections/saucony-progrid-omni-9,https://royallegendscom.wordpress.com/categorie/saucony-progrid-omni-9/
